111,111,2DIiNATJ5tMMC64ohU8cqBLzDco=,zpQuzVBXa2YKv+W1Wz7zrxNNl7w=
112,111,2DIiNATJ5tMMC64ohU8cqBLzDco=,35wAvxG37F6QTyPzUfRdUHqFNaU=
113,111,ghHlri0PtbUHD1Lp/ZoYJO065qQ=,72eRPSycc+jxRe/iSWMwjiULLyo=
111,112,2DIiNATJ5tMMC64ohU8cqBLzDco=,LFtajbU5lZmsH/bBwStAh1uN6wM=
112,112,2DIiNATJ5tMMC64ohU8cqBLzDco=,A4/ny6CQe5uTEr0NiqjbrEoH/qQ=
113,112,ghHlri0PtbUHD1Lp/ZoYJO065qQ=,LyguTvIfITNvQHiwwHWjbW6H20k=
114,112,ghHlri0PtbUHD1Lp/ZoYJO065qQ=,lUrvVlhEla8Yow/aCJ5lfgSCRkY=
111,113,ghHlri0PtbUHD1Lp/ZoYJO065qQ=,72eRPSycc+jxRe/iSWMwjiULLyo=
112,113,ghHlri0PtbUHD1Lp/ZoYJO065qQ=,VjdzAFQ6/8DV0bTW/4pc70GQCiw=
113,113,ghHlri0PtbUHD1Lp/ZoYJO065qQ=,LyguTvIfITNvQHiwwHWjbW6H20k=
114,113,ghHlri0PtbUHD1Lp/ZoYJO065qQ=,lUrvVlhEla8Yow/aCJ5lfgSCRkY=
