65,67,eMBLLKhlunFKYdXBg/0p83yNVjE=,ebA8HXp6C8j/SiS/pNFU2DGxWMk=
66,68,GTSHiPSPgnfDkNSp+AGjv8tnUPA=,M/YJ8PpgRahpwUdL4NFNmACRJnc=
68,67,GTSHiPSPgnfDkNSp+AGjv8tnUPA=,R9bAF3/IP81k5osarMz1giuFzAg=
66,67,GTSHiPSPgnfDkNSp+AGjv8tnUPA=,QjXPeHj0PnySEZuOt7Pg4HbT07o=
67,68,GTSHiPSPgnfDkNSp+AGjv8tnUPA=,M/YJ8PpgRahpwUdL4NFNmACRJnc=
68,66,GTSHiPSPgnfDkNSp+AGjv8tnUPA=,R9bAF3/IP81k5osarMz1giuFzAg=
67,66,GTSHiPSPgnfDkNSp+AGjv8tnUPA=,QjXPeHj0PnySEZuOt7Pg4HbT07o=
67,65,Pv1PYMM1SVi5KrTK2qLIkZpKZos=,d5VXs1NdskMIUNVfVbUTArZnQN8=
68,65,Pv1PYMM1SVi5KrTK2qLIkZpKZos=,vWBAzQXg85knxFtj8/DbtyhAzKk=
68,68,GTSHiPSPgnfDkNSp+AGjv8tnUPA=,M/YJ8PpgRahpwUdL4NFNmACRJnc=
65,68,cwZKvTtm3k8rcsD+DjpsRJ4+oBI=,qVwbWtfdF5uA7hZ46ksCVJ4s9sM=
67,67,GTSHiPSPgnfDkNSp+AGjv8tnUPA=,QjXPeHj0PnySEZuOt7Pg4HbT07o=
70,67,WkjClZpICsBgo6Xnphx5+xKdXng=,oINy6TsmEGkFQL+7zKDi4+0jKjY=
69,67,GTSHiPSPgnfDkNSp+AGjv8tnUPA=,R9bAF3/IP81k5osarMz1giuFzAg=
70,68,WkjClZpICsBgo6Xnphx5+xKdXng=,i3o4ZAcmGSYTTPVtdeJGQSpRPaQ=
69,68,GTSHiPSPgnfDkNSp+AGjv8tnUPA=,M/YJ8PpgRahpwUdL4NFNmACRJnc=
69,69,GTSHiPSPgnfDkNSp+AGjv8tnUPA=,M/YJ8PpgRahpwUdL4NFNmACRJnc=
69,70,cwZKvTtm3k8rcsD+DjpsRJ4+oBI=,Dib/nb7rV2OSfxmBi29WRIMpULA=
70,70,cwZKvTtm3k8rcsD+DjpsRJ4+oBI=,IMwEgQzWGviKPUeb+bP5kejDB1s=
70,69,cwZKvTtm3k8rcsD+DjpsRJ4+oBI=,i3o4ZAcmGSYTTPVtdeJGQSpRPaQ=
68,69,GTSHiPSPgnfDkNSp+AGjv8tnUPA=,M/YJ8PpgRahpwUdL4NFNmACRJnc=
67,70,q/XZgFjarDA960ZUI8KpKjkU3SQ=,17A+TGqyNNOfFUY0ProwCyuiv3s=
67,69,GTSHiPSPgnfDkNSp+AGjv8tnUPA=,M/YJ8PpgRahpwUdL4NFNmACRJnc=
68,70,q/XZgFjarDA960ZUI8KpKjkU3SQ=,Dib/nb7rV2OSfxmBi29WRIMpULA=
67,72,FsNH1HUzp2IlLXZkFYAErXsk6W4=,rpZnmx3AZBdNpIh88776sO1KwMI=
68,72,FsNH1HUzp2IlLXZkFYAErXsk6W4=,1HJiWXMFNrCNZ8OsQtWUnehfTxM=
68,71,FsNH1HUzp2IlLXZkFYAErXsk6W4=,Dib/nb7rV2OSfxmBi29WRIMpULA=
67,71,FsNH1HUzp2IlLXZkFYAErXsk6W4=,17A+TGqyNNOfFUY0ProwCyuiv3s=
67,74,yicD6pJ1bqr1PLyVw+tgol65hvk=,xpZex1yZ8SnYeem3+xvTpBvS1L4=
67,73,yicD6pJ1bqr1PLyVw+tgol65hvk=,rpZnmx3AZBdNpIh88776sO1KwMI=
68,73,yicD6pJ1bqr1PLyVw+tgol65hvk=,1HJiWXMFNrCNZ8OsQtWUnehfTxM=
68,74,yicD6pJ1bqr1PLyVw+tgol65hvk=,1UNS+bz3gcl92yuSbAu8svPWSX8=
69,73,cwZKvTtm3k8rcsD+DjpsRJ4+oBI=,1HJiWXMFNrCNZ8OsQtWUnehfTxM=
70,71,cwZKvTtm3k8rcsD+DjpsRJ4+oBI=,IMwEgQzWGviKPUeb+bP5kejDB1s=
69,72,cwZKvTtm3k8rcsD+DjpsRJ4+oBI=,1HJiWXMFNrCNZ8OsQtWUnehfTxM=
70,73,iNwou6UcJeywBn86gJ4nLy6AhTY=,4WXzU6BHHwUfaZlrK4yINvHNOCs=
70,72,WtfCqQ0xfj5hRPfTwQkmrHU8t0I=,4WXzU6BHHwUfaZlrK4yINvHNOCs=
69,74,cwZKvTtm3k8rcsD+DjpsRJ4+oBI=,1UNS+bz3gcl92yuSbAu8svPWSX8=
69,71,cwZKvTtm3k8rcsD+DjpsRJ4+oBI=,Dib/nb7rV2OSfxmBi29WRIMpULA=
70,74,iNwou6UcJeywBn86gJ4nLy6AhTY=,WnLlMxZlhwdvUfaxVtbG30Jplew=
69,76,WtfCqQ0xfj5hRPfTwQkmrHU8t0I=,V10yG4zxR3TAJbQOmlO3meX9xRw=
70,75,WtfCqQ0xfj5hRPfTwQkmrHU8t0I=,WnLlMxZlhwdvUfaxVtbG30Jplew=
69,75,cwZKvTtm3k8rcsD+DjpsRJ4+oBI=,1UNS+bz3gcl92yuSbAu8svPWSX8=
70,76,WtfCqQ0xfj5hRPfTwQkmrHU8t0I=,WnLlMxZlhwdvUfaxVtbG30Jplew=
71,76,WtfCqQ0xfj5hRPfTwQkmrHU8t0I=,WnLlMxZlhwdvUfaxVtbG30Jplew=
72,75,pbgYevAVaUWam+fWrRjasYaHcHE=,tWw59Vo/MyIaDfNrqJKi5HpBQAE=
72,76,pbgYevAVaUWam+fWrRjasYaHcHE=,6n/wBJJwvFYKr96Iv+4TJPZEgeE=
71,75,WtfCqQ0xfj5hRPfTwQkmrHU8t0I=,WnLlMxZlhwdvUfaxVtbG30Jplew=
73,76,SGvdru6GRH0gZXWkzoTPk6Ytg7M=,6n/wBJJwvFYKr96Iv+4TJPZEgeE=
73,75,SGvdru6GRH0gZXWkzoTPk6Ytg7M=,tWw59Vo/MyIaDfNrqJKi5HpBQAE=
74,75,SGvdru6GRH0gZXWkzoTPk6Ytg7M=,lc4zGRr4i5arQ2gTQUulY1H/PMw=
74,76,SGvdru6GRH0gZXWkzoTPk6Ytg7M=,/Vj7gAXYBXbWfv171yg1QRr622s=
78,76,SGvdru6GRH0gZXWkzoTPk6Ytg7M=,X5C96ecbZwnmuCK/FCRUrJdj0EE=
78,75,SGvdru6GRH0gZXWkzoTPk6Ytg7M=,j3DFpWh0fGSigFWeUYPjs1rU+7I=
76,76,SGvdru6GRH0gZXWkzoTPk6Ytg7M=,P/0BhFEtDKDXGJHWiEfbZQRGeBU=
75,74,SGvdru6GRH0gZXWkzoTPk6Ytg7M=,lc4zGRr4i5arQ2gTQUulY1H/PMw=
75,75,SGvdru6GRH0gZXWkzoTPk6Ytg7M=,lc4zGRr4i5arQ2gTQUulY1H/PMw=
76,73,SGvdru6GRH0gZXWkzoTPk6Ytg7M=,Mw2rjgRcfecALWLjqOQb7zkV/po=
76,75,SGvdru6GRH0gZXWkzoTPk6Ytg7M=,03andysfQEyzP9v7STzyHlEqy8c=
77,75,SGvdru6GRH0gZXWkzoTPk6Ytg7M=,03andysfQEyzP9v7STzyHlEqy8c=
77,76,SGvdru6GRH0gZXWkzoTPk6Ytg7M=,P/0BhFEtDKDXGJHWiEfbZQRGeBU=
75,73,SGvdru6GRH0gZXWkzoTPk6Ytg7M=,0PGPIUkcH5grcZgXwtc/Vxe5Sgo=
75,76,SGvdru6GRH0gZXWkzoTPk6Ytg7M=,/Vj7gAXYBXbWfv171yg1QRr622s=
76,74,SGvdru6GRH0gZXWkzoTPk6Ytg7M=,03andysfQEyzP9v7STzyHlEqy8c=
76,72,SSAgBYS/S9D7Ee5dpE7T+P689jY=,Mw2rjgRcfecALWLjqOQb7zkV/po=
75,71,SSAgBYS/S9D7Ee5dpE7T+P689jY=,961iIlSmE/TwzksYVAuLLoqKM/o=
75,72,SSAgBYS/S9D7Ee5dpE7T+P689jY=,0PGPIUkcH5grcZgXwtc/Vxe5Sgo=
76,71,SSAgBYS/S9D7Ee5dpE7T+P689jY=,5B3UE+Tw5YKsRqzRNMrmqiWncdE=
76,70,SSAgBYS/S9D7Ee5dpE7T+P689jY=,5B3UE+Tw5YKsRqzRNMrmqiWncdE=
75,70,SSAgBYS/S9D7Ee5dpE7T+P689jY=,961iIlSmE/TwzksYVAuLLoqKM/o=
75,69,SSAgBYS/S9D7Ee5dpE7T+P689jY=,O/zyj9QetSU3I49u0d6IaIL6oCA=
76,69,SSAgBYS/S9D7Ee5dpE7T+P689jY=,6iYB2FbWmxIPbN8qXQsNHZJELkM=
75,67,tmU1XU0vYlhBeWgd+jwi7yrTjWE=,mhBJnR3x5WXOwG6fhyPCW00zQvI=
75,68,tmU1XU0vYlhBeWgd+jwi7yrTjWE=,O/zyj9QetSU3I49u0d6IaIL6oCA=
76,67,tmU1XU0vYlhBeWgd+jwi7yrTjWE=,p55+l8CA0GgD8wtzR32fVNNjTVg=
76,68,tmU1XU0vYlhBeWgd+jwi7yrTjWE=,6iYB2FbWmxIPbN8qXQsNHZJELkM=
75,66,tmU1XU0vYlhBeWgd+jwi7yrTjWE=,mhBJnR3x5WXOwG6fhyPCW00zQvI=
76,65,tmU1XU0vYlhBeWgd+jwi7yrTjWE=,aMtSwe88LQonnLvARd5QyrGbBKk=
76,66,tmU1XU0vYlhBeWgd+jwi7yrTjWE=,p55+l8CA0GgD8wtzR32fVNNjTVg=
75,65,tmU1XU0vYlhBeWgd+jwi7yrTjWE=,MZ6vik7y3R0fFAly7FqSnBcb8Ec=
73,65,tmU1XU0vYlhBeWgd+jwi7yrTjWE=,c9eLgbwMPDuLEjtatso2XgnKOe0=
74,66,tmU1XU0vYlhBeWgd+jwi7yrTjWE=,mhBJnR3x5WXOwG6fhyPCW00zQvI=
73,66,tmU1XU0vYlhBeWgd+jwi7yrTjWE=,+vlTQyJ2pBcZib8MkFvIMKpGH5k=
74,65,tmU1XU0vYlhBeWgd+jwi7yrTjWE=,MZ6vik7y3R0fFAly7FqSnBcb8Ec=
71,67,cwZKvTtm3k8rcsD+DjpsRJ4+oBI=,oINy6TsmEGkFQL+7zKDi4+0jKjY=
73,68,9U4VHfgIiYwRtXkgrPxnwiVtF4k=,B7oj0MtlM43+4CODgLBx2vhZfTE=
74,74,9U4VHfgIiYwRtXkgrPxnwiVtF4k=,lc4zGRr4i5arQ2gTQUulY1H/PMw=
73,67,9U4VHfgIiYwRtXkgrPxnwiVtF4k=,+vlTQyJ2pBcZib8MkFvIMKpGH5k=
74,73,9U4VHfgIiYwRtXkgrPxnwiVtF4k=,0PGPIUkcH5grcZgXwtc/Vxe5Sgo=
73,74,9U4VHfgIiYwRtXkgrPxnwiVtF4k=,tWw59Vo/MyIaDfNrqJKi5HpBQAE=
72,68,9U4VHfgIiYwRtXkgrPxnwiVtF4k=,B7oj0MtlM43+4CODgLBx2vhZfTE=
74,72,9U4VHfgIiYwRtXkgrPxnwiVtF4k=,0PGPIUkcH5grcZgXwtc/Vxe5Sgo=
74,67,9U4VHfgIiYwRtXkgrPxnwiVtF4k=,mhBJnR3x5WXOwG6fhyPCW00zQvI=
73,71,9U4VHfgIiYwRtXkgrPxnwiVtF4k=,59PhwQCh2rMe8vPfn/015zMbeSc=
73,73,9U4VHfgIiYwRtXkgrPxnwiVtF4k=,wwoe2b0xKheZfjwaMGwu+jf515Q=
71,68,cwZKvTtm3k8rcsD+DjpsRJ4+oBI=,i3o4ZAcmGSYTTPVtdeJGQSpRPaQ=
71,72,TFuvpyHzzvEOuHcyYen1SMi2fU8=,4WXzU6BHHwUfaZlrK4yINvHNOCs=
73,69,9U4VHfgIiYwRtXkgrPxnwiVtF4k=,B7oj0MtlM43+4CODgLBx2vhZfTE=
74,71,9U4VHfgIiYwRtXkgrPxnwiVtF4k=,961iIlSmE/TwzksYVAuLLoqKM/o=
71,73,efKypn4JOI8Qv7aNzh9xZ5maUW4=,4WXzU6BHHwUfaZlrK4yINvHNOCs=
73,72,9U4VHfgIiYwRtXkgrPxnwiVtF4k=,wwoe2b0xKheZfjwaMGwu+jf515Q=
73,70,9U4VHfgIiYwRtXkgrPxnwiVtF4k=,59PhwQCh2rMe8vPfn/015zMbeSc=
74,70,9U4VHfgIiYwRtXkgrPxnwiVtF4k=,961iIlSmE/TwzksYVAuLLoqKM/o=
72,72,9U4VHfgIiYwRtXkgrPxnwiVtF4k=,wwoe2b0xKheZfjwaMGwu+jf515Q=
71,71,cwZKvTtm3k8rcsD+DjpsRJ4+oBI=,IMwEgQzWGviKPUeb+bP5kejDB1s=
71,70,cwZKvTtm3k8rcsD+DjpsRJ4+oBI=,IMwEgQzWGviKPUeb+bP5kejDB1s=
72,69,9U4VHfgIiYwRtXkgrPxnwiVtF4k=,B7oj0MtlM43+4CODgLBx2vhZfTE=
71,74,efKypn4JOI8Qv7aNzh9xZ5maUW4=,WnLlMxZlhwdvUfaxVtbG30Jplew=
74,69,9U4VHfgIiYwRtXkgrPxnwiVtF4k=,O/zyj9QetSU3I49u0d6IaIL6oCA=
72,73,9U4VHfgIiYwRtXkgrPxnwiVtF4k=,wwoe2b0xKheZfjwaMGwu+jf515Q=
74,68,9U4VHfgIiYwRtXkgrPxnwiVtF4k=,O/zyj9QetSU3I49u0d6IaIL6oCA=
72,67,9U4VHfgIiYwRtXkgrPxnwiVtF4k=,+vlTQyJ2pBcZib8MkFvIMKpGH5k=
72,70,9U4VHfgIiYwRtXkgrPxnwiVtF4k=,59PhwQCh2rMe8vPfn/015zMbeSc=
72,71,9U4VHfgIiYwRtXkgrPxnwiVtF4k=,59PhwQCh2rMe8vPfn/015zMbeSc=
71,69,cwZKvTtm3k8rcsD+DjpsRJ4+oBI=,i3o4ZAcmGSYTTPVtdeJGQSpRPaQ=
72,74,9U4VHfgIiYwRtXkgrPxnwiVtF4k=,tWw59Vo/MyIaDfNrqJKi5HpBQAE=
67,64,yicD6pJ1bqr1PLyVw+tgol65hvk=,d5VXs1NdskMIUNVfVbUTArZnQN8=
76,64,9U4VHfgIiYwRtXkgrPxnwiVtF4k=,aMtSwe88LQonnLvARd5QyrGbBKk=
68,64,cwZKvTtm3k8rcsD+DjpsRJ4+oBI=,vWBAzQXg85knxFtj8/DbtyhAzKk=
78,69,9U4VHfgIiYwRtXkgrPxnwiVtF4k=,kzrpxwshroZuexyFekaDBXgRbao=
75,64,9U4VHfgIiYwRtXkgrPxnwiVtF4k=,MZ6vik7y3R0fFAly7FqSnBcb8Ec=
74,64,9U4VHfgIiYwRtXkgrPxnwiVtF4k=,MZ6vik7y3R0fFAly7FqSnBcb8Ec=
77,72,9U4VHfgIiYwRtXkgrPxnwiVtF4k=,Mw2rjgRcfecALWLjqOQb7zkV/po=
77,73,9U4VHfgIiYwRtXkgrPxnwiVtF4k=,Mw2rjgRcfecALWLjqOQb7zkV/po=
78,71,9U4VHfgIiYwRtXkgrPxnwiVtF4k=,cqzKVvpFtW8AtSNKkmgVZN4JA/8=
77,71,9U4VHfgIiYwRtXkgrPxnwiVtF4k=,5B3UE+Tw5YKsRqzRNMrmqiWncdE=
78,70,9U4VHfgIiYwRtXkgrPxnwiVtF4k=,cqzKVvpFtW8AtSNKkmgVZN4JA/8=
73,64,9U4VHfgIiYwRtXkgrPxnwiVtF4k=,c9eLgbwMPDuLEjtatso2XgnKOe0=
77,70,9U4VHfgIiYwRtXkgrPxnwiVtF4k=,5B3UE+Tw5YKsRqzRNMrmqiWncdE=
77,74,9U4VHfgIiYwRtXkgrPxnwiVtF4k=,03andysfQEyzP9v7STzyHlEqy8c=
78,74,9U4VHfgIiYwRtXkgrPxnwiVtF4k=,j3DFpWh0fGSigFWeUYPjs1rU+7I=
77,69,9U4VHfgIiYwRtXkgrPxnwiVtF4k=,6iYB2FbWmxIPbN8qXQsNHZJELkM=
79,70,9U4VHfgIiYwRtXkgrPxnwiVtF4k=,cqzKVvpFtW8AtSNKkmgVZN4JA/8=
79,69,9U4VHfgIiYwRtXkgrPxnwiVtF4k=,kzrpxwshroZuexyFekaDBXgRbao=
78,77,9U4VHfgIiYwRtXkgrPxnwiVtF4k=,X5C96ecbZwnmuCK/FCRUrJdj0EE=
79,77,9U4VHfgIiYwRtXkgrPxnwiVtF4k=,X5C96ecbZwnmuCK/FCRUrJdj0EE=
78,79,9U4VHfgIiYwRtXkgrPxnwiVtF4k=,FHg5xkOZL/GplfBvfcNJ7tFVfow=
79,78,9U4VHfgIiYwRtXkgrPxnwiVtF4k=,FHg5xkOZL/GplfBvfcNJ7tFVfow=
78,78,9U4VHfgIiYwRtXkgrPxnwiVtF4k=,FHg5xkOZL/GplfBvfcNJ7tFVfow=
77,79,9U4VHfgIiYwRtXkgrPxnwiVtF4k=,8KHxdebZyLF10XzGEl/+SJLvYmw=
77,78,9U4VHfgIiYwRtXkgrPxnwiVtF4k=,8KHxdebZyLF10XzGEl/+SJLvYmw=
77,65,9U4VHfgIiYwRtXkgrPxnwiVtF4k=,aMtSwe88LQonnLvARd5QyrGbBKk=
79,67,9U4VHfgIiYwRtXkgrPxnwiVtF4k=,+vVR8QoAbR6kCr2pAORjz6sEkG4=
78,67,9U4VHfgIiYwRtXkgrPxnwiVtF4k=,+vVR8QoAbR6kCr2pAORjz6sEkG4=
77,77,9U4VHfgIiYwRtXkgrPxnwiVtF4k=,P/0BhFEtDKDXGJHWiEfbZQRGeBU=
79,66,9U4VHfgIiYwRtXkgrPxnwiVtF4k=,+vVR8QoAbR6kCr2pAORjz6sEkG4=
79,68,9U4VHfgIiYwRtXkgrPxnwiVtF4k=,kzrpxwshroZuexyFekaDBXgRbao=
78,66,9U4VHfgIiYwRtXkgrPxnwiVtF4k=,+vVR8QoAbR6kCr2pAORjz6sEkG4=
78,68,9U4VHfgIiYwRtXkgrPxnwiVtF4k=,kzrpxwshroZuexyFekaDBXgRbao=
77,68,9U4VHfgIiYwRtXkgrPxnwiVtF4k=,6iYB2FbWmxIPbN8qXQsNHZJELkM=
77,67,9U4VHfgIiYwRtXkgrPxnwiVtF4k=,p55+l8CA0GgD8wtzR32fVNNjTVg=
77,66,9U4VHfgIiYwRtXkgrPxnwiVtF4k=,p55+l8CA0GgD8wtzR32fVNNjTVg=
70,65,WkjClZpICsBgo6Xnphx5+xKdXng=,Az+dzf+nZqmRsqTVyNwn0bv/zQs=
70,66,WkjClZpICsBgo6Xnphx5+xKdXng=,oINy6TsmEGkFQL+7zKDi4+0jKjY=
72,64,9U4VHfgIiYwRtXkgrPxnwiVtF4k=,c9eLgbwMPDuLEjtatso2XgnKOe0=
69,65,WkjClZpICsBgo6Xnphx5+xKdXng=,vWBAzQXg85knxFtj8/DbtyhAzKk=
76,78,9U4VHfgIiYwRtXkgrPxnwiVtF4k=,8KHxdebZyLF10XzGEl/+SJLvYmw=
70,64,cwZKvTtm3k8rcsD+DjpsRJ4+oBI=,Az+dzf+nZqmRsqTVyNwn0bv/zQs=
71,64,cwZKvTtm3k8rcsD+DjpsRJ4+oBI=,Az+dzf+nZqmRsqTVyNwn0bv/zQs=
72,65,9U4VHfgIiYwRtXkgrPxnwiVtF4k=,c9eLgbwMPDuLEjtatso2XgnKOe0=
69,66,GTSHiPSPgnfDkNSp+AGjv8tnUPA=,R9bAF3/IP81k5osarMz1giuFzAg=
71,65,cwZKvTtm3k8rcsD+DjpsRJ4+oBI=,Az+dzf+nZqmRsqTVyNwn0bv/zQs=
69,64,cwZKvTtm3k8rcsD+DjpsRJ4+oBI=,vWBAzQXg85knxFtj8/DbtyhAzKk=
72,66,9U4VHfgIiYwRtXkgrPxnwiVtF4k=,+vlTQyJ2pBcZib8MkFvIMKpGH5k=
75,78,9U4VHfgIiYwRtXkgrPxnwiVtF4k=,qJsRFlcfG0WZQcXZKXBc/JsK6y4=
76,77,9U4VHfgIiYwRtXkgrPxnwiVtF4k=,P/0BhFEtDKDXGJHWiEfbZQRGeBU=
71,66,cwZKvTtm3k8rcsD+DjpsRJ4+oBI=,oINy6TsmEGkFQL+7zKDi4+0jKjY=
75,77,9U4VHfgIiYwRtXkgrPxnwiVtF4k=,/Vj7gAXYBXbWfv171yg1QRr622s=
74,78,bK4Rtg44aW86n8FesTvG1pO+O28=,qJsRFlcfG0WZQcXZKXBc/JsK6y4=
73,77,bK4Rtg44aW86n8FesTvG1pO+O28=,6n/wBJJwvFYKr96Iv+4TJPZEgeE=
73,78,bK4Rtg44aW86n8FesTvG1pO+O28=,cwIC0DTqmGLG84dIUQt5DmfVAOs=
74,77,bK4Rtg44aW86n8FesTvG1pO+O28=,/Vj7gAXYBXbWfv171yg1QRr622s=
72,77,bK4Rtg44aW86n8FesTvG1pO+O28=,6n/wBJJwvFYKr96Iv+4TJPZEgeE=
72,78,bK4Rtg44aW86n8FesTvG1pO+O28=,cwIC0DTqmGLG84dIUQt5DmfVAOs=
71,77,p5HlzIZ1BHnjavjTS5bsdB7eooA=,WnLlMxZlhwdvUfaxVtbG30Jplew=
71,78,bK4Rtg44aW86n8FesTvG1pO+O28=,GuVxaeFKQv3ZTsQ/nhA3SjO6pPA=
70,77,WtfCqQ0xfj5hRPfTwQkmrHU8t0I=,WnLlMxZlhwdvUfaxVtbG30Jplew=
69,78,bK4Rtg44aW86n8FesTvG1pO+O28=,TkpgvL6n0UaFufagwn8QtLDrhu0=
69,77,WtfCqQ0xfj5hRPfTwQkmrHU8t0I=,V10yG4zxR3TAJbQOmlO3meX9xRw=
70,78,bK4Rtg44aW86n8FesTvG1pO+O28=,GuVxaeFKQv3ZTsQ/nhA3SjO6pPA=
68,76,efKypn4JOI8Qv7aNzh9xZ5maUW4=,V10yG4zxR3TAJbQOmlO3meX9xRw=
68,75,yicD6pJ1bqr1PLyVw+tgol65hvk=,1UNS+bz3gcl92yuSbAu8svPWSX8=
67,78,IGFGvIWPBojbHJh7el73NQge4Y4=,pwVCybYGridxFmO643DiJ+kUqAA=
67,75,yicD6pJ1bqr1PLyVw+tgol65hvk=,xpZex1yZ8SnYeem3+xvTpBvS1L4=
67,77,cwZKvTtm3k8rcsD+DjpsRJ4+oBI=,DBBhd4sOOSzKy5oJDPcgN0297WA=
67,76,yicD6pJ1bqr1PLyVw+tgol65hvk=,DBBhd4sOOSzKy5oJDPcgN0297WA=
68,77,efKypn4JOI8Qv7aNzh9xZ5maUW4=,V10yG4zxR3TAJbQOmlO3meX9xRw=
68,78,IGFGvIWPBojbHJh7el73NQge4Y4=,TkpgvL6n0UaFufagwn8QtLDrhu0=
65,77,yicD6pJ1bqr1PLyVw+tgol65hvk=,iRwECm918K6oAwhPdNlifgkILFc=
65,78,yicD6pJ1bqr1PLyVw+tgol65hvk=,ozLFEPPSd+LRXwegMW7yDTT1GPc=
66,75,yicD6pJ1bqr1PLyVw+tgol65hvk=,xpZex1yZ8SnYeem3+xvTpBvS1L4=
65,76,yicD6pJ1bqr1PLyVw+tgol65hvk=,iRwECm918K6oAwhPdNlifgkILFc=
66,78,IGFGvIWPBojbHJh7el73NQge4Y4=,pwVCybYGridxFmO643DiJ+kUqAA=
66,77,yicD6pJ1bqr1PLyVw+tgol65hvk=,DBBhd4sOOSzKy5oJDPcgN0297WA=
66,76,yicD6pJ1bqr1PLyVw+tgol65hvk=,DBBhd4sOOSzKy5oJDPcgN0297WA=
65,75,yicD6pJ1bqr1PLyVw+tgol65hvk=,/G1229tKyLQ7TDDGVq5Vtt/gIeQ=
64,67,TFuvpyHzzvEOuHcyYen1SMi2fU8=,ebA8HXp6C8j/SiS/pNFU2DGxWMk=
65,73,FsNH1HUzp2IlLXZkFYAErXsk6W4=,WEu7vDIcCPwpLUIbaVCz+M0HQMY=
66,74,FsNH1HUzp2IlLXZkFYAErXsk6W4=,xpZex1yZ8SnYeem3+xvTpBvS1L4=
65,74,FsNH1HUzp2IlLXZkFYAErXsk6W4=,/G1229tKyLQ7TDDGVq5Vtt/gIeQ=
66,73,FsNH1HUzp2IlLXZkFYAErXsk6W4=,rpZnmx3AZBdNpIh88776sO1KwMI=
64,68,cwZKvTtm3k8rcsD+DjpsRJ4+oBI=,qVwbWtfdF5uA7hZ46ksCVJ4s9sM=
66,72,cwZKvTtm3k8rcsD+DjpsRJ4+oBI=,rpZnmx3AZBdNpIh88776sO1KwMI=
64,74,yicD6pJ1bqr1PLyVw+tgol65hvk=,/G1229tKyLQ7TDDGVq5Vtt/gIeQ=
79,76,XyNt2Mkr5cE+d8JsI+d7PfXjlVY=,X5C96ecbZwnmuCK/FCRUrJdj0EE=
79,75,XyNt2Mkr5cE+d8JsI+d7PfXjlVY=,j3DFpWh0fGSigFWeUYPjs1rU+7I=
79,74,XyNt2Mkr5cE+d8JsI+d7PfXjlVY=,j3DFpWh0fGSigFWeUYPjs1rU+7I=
66,70,cwZKvTtm3k8rcsD+DjpsRJ4+oBI=,17A+TGqyNNOfFUY0ProwCyuiv3s=
79,79,XyNt2Mkr5cE+d8JsI+d7PfXjlVY=,FHg5xkOZL/GplfBvfcNJ7tFVfow=
64,73,yicD6pJ1bqr1PLyVw+tgol65hvk=,WEu7vDIcCPwpLUIbaVCz+M0HQMY=
65,72,cwZKvTtm3k8rcsD+DjpsRJ4+oBI=,WEu7vDIcCPwpLUIbaVCz+M0HQMY=
66,69,GTSHiPSPgnfDkNSp+AGjv8tnUPA=,M/YJ8PpgRahpwUdL4NFNmACRJnc=
66,71,cwZKvTtm3k8rcsD+DjpsRJ4+oBI=,17A+TGqyNNOfFUY0ProwCyuiv3s=
65,71,cwZKvTtm3k8rcsD+DjpsRJ4+oBI=,b2tlpxt+KvO4GISVDrwA688fJgs=
64,71,cwZKvTtm3k8rcsD+DjpsRJ4+oBI=,b2tlpxt+KvO4GISVDrwA688fJgs=
64,72,cwZKvTtm3k8rcsD+DjpsRJ4+oBI=,WEu7vDIcCPwpLUIbaVCz+M0HQMY=
65,69,cwZKvTtm3k8rcsD+DjpsRJ4+oBI=,qVwbWtfdF5uA7hZ46ksCVJ4s9sM=
64,70,cwZKvTtm3k8rcsD+DjpsRJ4+oBI=,b2tlpxt+KvO4GISVDrwA688fJgs=
64,69,cwZKvTtm3k8rcsD+DjpsRJ4+oBI=,qVwbWtfdF5uA7hZ46ksCVJ4s9sM=
65,70,cwZKvTtm3k8rcsD+DjpsRJ4+oBI=,b2tlpxt+KvO4GISVDrwA688fJgs=
70,79,XyNt2Mkr5cE+d8JsI+d7PfXjlVY=,GuVxaeFKQv3ZTsQ/nhA3SjO6pPA=
69,79,XyNt2Mkr5cE+d8JsI+d7PfXjlVY=,TkpgvL6n0UaFufagwn8QtLDrhu0=
75,79,XyNt2Mkr5cE+d8JsI+d7PfXjlVY=,qJsRFlcfG0WZQcXZKXBc/JsK6y4=
76,79,XyNt2Mkr5cE+d8JsI+d7PfXjlVY=,8KHxdebZyLF10XzGEl/+SJLvYmw=
67,79,XyNt2Mkr5cE+d8JsI+d7PfXjlVY=,pwVCybYGridxFmO643DiJ+kUqAA=
71,79,XyNt2Mkr5cE+d8JsI+d7PfXjlVY=,GuVxaeFKQv3ZTsQ/nhA3SjO6pPA=
68,79,XyNt2Mkr5cE+d8JsI+d7PfXjlVY=,TkpgvL6n0UaFufagwn8QtLDrhu0=
72,79,XyNt2Mkr5cE+d8JsI+d7PfXjlVY=,cwIC0DTqmGLG84dIUQt5DmfVAOs=
74,79,XyNt2Mkr5cE+d8JsI+d7PfXjlVY=,qJsRFlcfG0WZQcXZKXBc/JsK6y4=
73,79,XyNt2Mkr5cE+d8JsI+d7PfXjlVY=,cwIC0DTqmGLG84dIUQt5DmfVAOs=
65,79,cwZKvTtm3k8rcsD+DjpsRJ4+oBI=,ozLFEPPSd+LRXwegMW7yDTT1GPc=
64,75,yicD6pJ1bqr1PLyVw+tgol65hvk=,/G1229tKyLQ7TDDGVq5Vtt/gIeQ=
64,76,yicD6pJ1bqr1PLyVw+tgol65hvk=,iRwECm918K6oAwhPdNlifgkILFc=
64,78,yicD6pJ1bqr1PLyVw+tgol65hvk=,ozLFEPPSd+LRXwegMW7yDTT1GPc=
64,79,cwZKvTtm3k8rcsD+DjpsRJ4+oBI=,ozLFEPPSd+LRXwegMW7yDTT1GPc=
77,64,XyNt2Mkr5cE+d8JsI+d7PfXjlVY=,aMtSwe88LQonnLvARd5QyrGbBKk=
66,79,XyNt2Mkr5cE+d8JsI+d7PfXjlVY=,pwVCybYGridxFmO643DiJ+kUqAA=
65,66,p5HlzIZ1BHnjavjTS5bsdB7eooA=,ebA8HXp6C8j/SiS/pNFU2DGxWMk=
64,64,p5HlzIZ1BHnjavjTS5bsdB7eooA=,ZPIOGVGD+JcP5Z6hOc3GL8qNtio=
64,66,p5HlzIZ1BHnjavjTS5bsdB7eooA=,ebA8HXp6C8j/SiS/pNFU2DGxWMk=
64,77,yicD6pJ1bqr1PLyVw+tgol65hvk=,iRwECm918K6oAwhPdNlifgkILFc=
65,64,p5HlzIZ1BHnjavjTS5bsdB7eooA=,ZPIOGVGD+JcP5Z6hOc3GL8qNtio=
64,65,p5HlzIZ1BHnjavjTS5bsdB7eooA=,ZPIOGVGD+JcP5Z6hOc3GL8qNtio=
65,65,p5HlzIZ1BHnjavjTS5bsdB7eooA=,ZPIOGVGD+JcP5Z6hOc3GL8qNtio=
66,64,cwZKvTtm3k8rcsD+DjpsRJ4+oBI=,d5VXs1NdskMIUNVfVbUTArZnQN8=
66,66,GTSHiPSPgnfDkNSp+AGjv8tnUPA=,QjXPeHj0PnySEZuOt7Pg4HbT07o=
66,65,cwZKvTtm3k8rcsD+DjpsRJ4+oBI=,d5VXs1NdskMIUNVfVbUTArZnQN8=
74,85,lHXbkdxk2HFZRGZeX0/5WzE1224=,2e+hXnIv6Lt3GxQea9n7ueLpAGs=
73,85,lHXbkdxk2HFZRGZeX0/5WzE1224=,HINNqjfN0t5DkDU9XXEkbaxJf1M=
74,86,lHXbkdxk2HFZRGZeX0/5WzE1224=,kKQ3VctjbTaCMLEmRT04yf23QcU=
73,86,lHXbkdxk2HFZRGZeX0/5WzE1224=,arGlXZjSQ/15OXRwN3brV/wCfZE=
72,89,lHXbkdxk2HFZRGZeX0/5WzE1224=,1U4Y7gQpCr0cG68KXQZbnebTQcw=
71,90,lHXbkdxk2HFZRGZeX0/5WzE1224=,Lrj7TpmiZh6DKZEb1y5FV+M37AA=
72,90,lHXbkdxk2HFZRGZeX0/5WzE1224=,pyClqD3bh9mbDayZ/uPBdDvtmPU=
71,89,lHXbkdxk2HFZRGZeX0/5WzE1224=,kN8RaSvnBBzfhQR1cv+pR18Zew8=
71,88,lHXbkdxk2HFZRGZeX0/5WzE1224=,kN8RaSvnBBzfhQR1cv+pR18Zew8=
71,87,lHXbkdxk2HFZRGZeX0/5WzE1224=,KPZEO6wOUKsHk/bES9HEMPtqvM8=
72,88,lHXbkdxk2HFZRGZeX0/5WzE1224=,1U4Y7gQpCr0cG68KXQZbnebTQcw=
72,87,lHXbkdxk2HFZRGZeX0/5WzE1224=,arGlXZjSQ/15OXRwN3brV/wCfZE=
70,90,VnF7p5OJ90ZkS4/UujI/ke50gc0=,Lrj7TpmiZh6DKZEb1y5FV+M37AA=
69,88,VnF7p5OJ90ZkS4/UujI/ke50gc0=,6qb8VH824hBzmEFHshcMyivSxK4=
69,89,VnF7p5OJ90ZkS4/UujI/ke50gc0=,6qb8VH824hBzmEFHshcMyivSxK4=
70,89,VnF7p5OJ90ZkS4/UujI/ke50gc0=,kN8RaSvnBBzfhQR1cv+pR18Zew8=
69,87,VnF7p5OJ90ZkS4/UujI/ke50gc0=,SCIAJ78TbDQfITSgKlMLqwcrwTE=
70,88,VnF7p5OJ90ZkS4/UujI/ke50gc0=,kN8RaSvnBBzfhQR1cv+pR18Zew8=
69,90,VnF7p5OJ90ZkS4/UujI/ke50gc0=,HmQnmLRh0c3lDtKWFIoBiXoF/h0=
70,87,VnF7p5OJ90ZkS4/UujI/ke50gc0=,KPZEO6wOUKsHk/bES9HEMPtqvM8=
68,90,VnF7p5OJ90ZkS4/UujI/ke50gc0=,HmQnmLRh0c3lDtKWFIoBiXoF/h0=
68,87,VnF7p5OJ90ZkS4/UujI/ke50gc0=,SCIAJ78TbDQfITSgKlMLqwcrwTE=
68,88,VnF7p5OJ90ZkS4/UujI/ke50gc0=,6qb8VH824hBzmEFHshcMyivSxK4=
67,90,VnF7p5OJ90ZkS4/UujI/ke50gc0=,mUM00cqW36WN3/5mHTRsDFSdv4U=
67,89,VnF7p5OJ90ZkS4/UujI/ke50gc0=,oK37zEJsapSDiSRv8dcvo7iEq1M=
67,88,VnF7p5OJ90ZkS4/UujI/ke50gc0=,oK37zEJsapSDiSRv8dcvo7iEq1M=
68,89,VnF7p5OJ90ZkS4/UujI/ke50gc0=,6qb8VH824hBzmEFHshcMyivSxK4=
67,87,VnF7p5OJ90ZkS4/UujI/ke50gc0=,bcjPEZhc56qxNOdJUnl+saJHW6U=
65,89,eSTNAJkn6cQ9G8voE5a6lcTQVRc=,hAA9c1thtm7a7eMRjvjH6rMiT5o=
65,90,eSTNAJkn6cQ9G8voE5a6lcTQVRc=,s1fqRrpb9cZwhPDIaLHhi/3lDjk=
66,89,eSTNAJkn6cQ9G8voE5a6lcTQVRc=,oK37zEJsapSDiSRv8dcvo7iEq1M=
66,90,eSTNAJkn6cQ9G8voE5a6lcTQVRc=,mUM00cqW36WN3/5mHTRsDFSdv4U=
65,91,eSTNAJkn6cQ9G8voE5a6lcTQVRc=,s1fqRrpb9cZwhPDIaLHhi/3lDjk=
67,91,eSTNAJkn6cQ9G8voE5a6lcTQVRc=,mUM00cqW36WN3/5mHTRsDFSdv4U=
65,92,eSTNAJkn6cQ9G8voE5a6lcTQVRc=,57mN7pCyXnxRYvcdOrbt609i+ss=
66,91,eSTNAJkn6cQ9G8voE5a6lcTQVRc=,mUM00cqW36WN3/5mHTRsDFSdv4U=
68,91,eSTNAJkn6cQ9G8voE5a6lcTQVRc=,HmQnmLRh0c3lDtKWFIoBiXoF/h0=
66,92,eSTNAJkn6cQ9G8voE5a6lcTQVRc=,1XKNCquk78d8doZHjIaznoN94wc=
68,92,eSTNAJkn6cQ9G8voE5a6lcTQVRc=,5mRq6hUZolBV9yC2dozV+9EVrck=
67,92,eSTNAJkn6cQ9G8voE5a6lcTQVRc=,1XKNCquk78d8doZHjIaznoN94wc=
65,94,eSTNAJkn6cQ9G8voE5a6lcTQVRc=,SBm4uXxWXDSBjaLYFpsnPV/z3zg=
66,94,eSTNAJkn6cQ9G8voE5a6lcTQVRc=,tJBg85ZJwk5p4ripy6YDce+DQks=
65,93,eSTNAJkn6cQ9G8voE5a6lcTQVRc=,57mN7pCyXnxRYvcdOrbt609i+ss=
66,93,eSTNAJkn6cQ9G8voE5a6lcTQVRc=,1XKNCquk78d8doZHjIaznoN94wc=
72,95,eSTNAJkn6cQ9G8voE5a6lcTQVRc=,4UDK1VZTL31a2AYcBm2FW+njAjI=
66,95,eSTNAJkn6cQ9G8voE5a6lcTQVRc=,tJBg85ZJwk5p4ripy6YDce+DQks=
65,95,eSTNAJkn6cQ9G8voE5a6lcTQVRc=,SBm4uXxWXDSBjaLYFpsnPV/z3zg=
71,95,eSTNAJkn6cQ9G8voE5a6lcTQVRc=,I1jDgrRcUACb5e6+YBZyqhhXCkA=
64,93,eSTNAJkn6cQ9G8voE5a6lcTQVRc=,57mN7pCyXnxRYvcdOrbt609i+ss=
64,94,eSTNAJkn6cQ9G8voE5a6lcTQVRc=,SBm4uXxWXDSBjaLYFpsnPV/z3zg=
64,92,eSTNAJkn6cQ9G8voE5a6lcTQVRc=,57mN7pCyXnxRYvcdOrbt609i+ss=
64,91,eSTNAJkn6cQ9G8voE5a6lcTQVRc=,s1fqRrpb9cZwhPDIaLHhi/3lDjk=
72,94,eSTNAJkn6cQ9G8voE5a6lcTQVRc=,4UDK1VZTL31a2AYcBm2FW+njAjI=
64,90,eSTNAJkn6cQ9G8voE5a6lcTQVRc=,s1fqRrpb9cZwhPDIaLHhi/3lDjk=
71,94,eSTNAJkn6cQ9G8voE5a6lcTQVRc=,I1jDgrRcUACb5e6+YBZyqhhXCkA=
73,89,eSTNAJkn6cQ9G8voE5a6lcTQVRc=,1U4Y7gQpCr0cG68KXQZbnebTQcw=
74,87,eSTNAJkn6cQ9G8voE5a6lcTQVRc=,kKQ3VctjbTaCMLEmRT04yf23QcU=
74,89,eSTNAJkn6cQ9G8voE5a6lcTQVRc=,eXpLh9iAf/GsVawnztQQXgntbFI=
73,87,eSTNAJkn6cQ9G8voE5a6lcTQVRc=,arGlXZjSQ/15OXRwN3brV/wCfZE=
74,90,eSTNAJkn6cQ9G8voE5a6lcTQVRc=,m4fEEF28vueBHAowK64YSuiyw6Y=
74,88,eSTNAJkn6cQ9G8voE5a6lcTQVRc=,eXpLh9iAf/GsVawnztQQXgntbFI=
73,88,eSTNAJkn6cQ9G8voE5a6lcTQVRc=,1U4Y7gQpCr0cG68KXQZbnebTQcw=
73,90,eSTNAJkn6cQ9G8voE5a6lcTQVRc=,pyClqD3bh9mbDayZ/uPBdDvtmPU=
64,89,eSTNAJkn6cQ9G8voE5a6lcTQVRc=,hAA9c1thtm7a7eMRjvjH6rMiT5o=
72,93,eSTNAJkn6cQ9G8voE5a6lcTQVRc=,k+0VE38SGg28YtRFOwniOqWilVE=
73,92,eSTNAJkn6cQ9G8voE5a6lcTQVRc=,k+0VE38SGg28YtRFOwniOqWilVE=
73,93,eSTNAJkn6cQ9G8voE5a6lcTQVRc=,k+0VE38SGg28YtRFOwniOqWilVE=
74,91,eSTNAJkn6cQ9G8voE5a6lcTQVRc=,m4fEEF28vueBHAowK64YSuiyw6Y=
73,94,eSTNAJkn6cQ9G8voE5a6lcTQVRc=,4UDK1VZTL31a2AYcBm2FW+njAjI=
73,91,eSTNAJkn6cQ9G8voE5a6lcTQVRc=,pyClqD3bh9mbDayZ/uPBdDvtmPU=
73,95,eSTNAJkn6cQ9G8voE5a6lcTQVRc=,4UDK1VZTL31a2AYcBm2FW+njAjI=
75,88,eSTNAJkn6cQ9G8voE5a6lcTQVRc=,eXpLh9iAf/GsVawnztQQXgntbFI=
76,87,eSTNAJkn6cQ9G8voE5a6lcTQVRc=,cdVRJ4IYuPF2kVkiqKdtTxwJWlw=
76,88,eSTNAJkn6cQ9G8voE5a6lcTQVRc=,9H/wc0lYz+S9B/b8aP2CeQaf3MM=
75,87,eSTNAJkn6cQ9G8voE5a6lcTQVRc=,kKQ3VctjbTaCMLEmRT04yf23QcU=
76,86,eSTNAJkn6cQ9G8voE5a6lcTQVRc=,cdVRJ4IYuPF2kVkiqKdtTxwJWlw=
76,85,eSTNAJkn6cQ9G8voE5a6lcTQVRc=,NAbcsz95HHfW2H7llqLbJAnsCa0=
75,86,eSTNAJkn6cQ9G8voE5a6lcTQVRc=,kKQ3VctjbTaCMLEmRT04yf23QcU=
75,85,eSTNAJkn6cQ9G8voE5a6lcTQVRc=,2e+hXnIv6Lt3GxQea9n7ueLpAGs=
71,92,eSTNAJkn6cQ9G8voE5a6lcTQVRc=,1vB1HC4Jxq77PMBAXarV53DJTIo=
70,92,eSTNAJkn6cQ9G8voE5a6lcTQVRc=,1vB1HC4Jxq77PMBAXarV53DJTIo=
72,91,eSTNAJkn6cQ9G8voE5a6lcTQVRc=,pyClqD3bh9mbDayZ/uPBdDvtmPU=
72,92,eSTNAJkn6cQ9G8voE5a6lcTQVRc=,k+0VE38SGg28YtRFOwniOqWilVE=
70,91,eSTNAJkn6cQ9G8voE5a6lcTQVRc=,Lrj7TpmiZh6DKZEb1y5FV+M37AA=
69,91,eSTNAJkn6cQ9G8voE5a6lcTQVRc=,HmQnmLRh0c3lDtKWFIoBiXoF/h0=
69,92,eSTNAJkn6cQ9G8voE5a6lcTQVRc=,5mRq6hUZolBV9yC2dozV+9EVrck=
71,93,eSTNAJkn6cQ9G8voE5a6lcTQVRc=,1vB1HC4Jxq77PMBAXarV53DJTIo=
76,84,eSTNAJkn6cQ9G8voE5a6lcTQVRc=,NAbcsz95HHfW2H7llqLbJAnsCa0=
75,83,eSTNAJkn6cQ9G8voE5a6lcTQVRc=,5rAELLh+ymvbFqamic5wf3tMQik=
75,84,eSTNAJkn6cQ9G8voE5a6lcTQVRc=,2e+hXnIv6Lt3GxQea9n7ueLpAGs=
71,91,eSTNAJkn6cQ9G8voE5a6lcTQVRc=,Lrj7TpmiZh6DKZEb1y5FV+M37AA=
67,94,eSTNAJkn6cQ9G8voE5a6lcTQVRc=,tJBg85ZJwk5p4ripy6YDce+DQks=
68,94,eSTNAJkn6cQ9G8voE5a6lcTQVRc=,1OFK1q1WKNp0EEURUcubtKZymWY=
70,95,eSTNAJkn6cQ9G8voE5a6lcTQVRc=,I1jDgrRcUACb5e6+YBZyqhhXCkA=
69,94,eSTNAJkn6cQ9G8voE5a6lcTQVRc=,1OFK1q1WKNp0EEURUcubtKZymWY=
70,93,eSTNAJkn6cQ9G8voE5a6lcTQVRc=,1vB1HC4Jxq77PMBAXarV53DJTIo=
67,95,L9QB75SO5AgeW7xxjg4qCMzVKMo=,tJBg85ZJwk5p4ripy6YDce+DQks=
70,94,L9QB75SO5AgeW7xxjg4qCMzVKMo=,I1jDgrRcUACb5e6+YBZyqhhXCkA=
69,93,L9QB75SO5AgeW7xxjg4qCMzVKMo=,5mRq6hUZolBV9yC2dozV+9EVrck=
68,93,L9QB75SO5AgeW7xxjg4qCMzVKMo=,5mRq6hUZolBV9yC2dozV+9EVrck=
68,95,L9QB75SO5AgeW7xxjg4qCMzVKMo=,1OFK1q1WKNp0EEURUcubtKZymWY=
67,93,L9QB75SO5AgeW7xxjg4qCMzVKMo=,1XKNCquk78d8doZHjIaznoN94wc=
69,95,L9QB75SO5AgeW7xxjg4qCMzVKMo=,1OFK1q1WKNp0EEURUcubtKZymWY=
73,83,L9QB75SO5AgeW7xxjg4qCMzVKMo=,r/DkCel3AvKEX7HqE0jJw17eKKw=
74,83,L9QB75SO5AgeW7xxjg4qCMzVKMo=,5rAELLh+ymvbFqamic5wf3tMQik=
74,84,L9QB75SO5AgeW7xxjg4qCMzVKMo=,2e+hXnIv6Lt3GxQea9n7ueLpAGs=
73,84,L9QB75SO5AgeW7xxjg4qCMzVKMo=,HINNqjfN0t5DkDU9XXEkbaxJf1M=
71,81,L9QB75SO5AgeW7xxjg4qCMzVKMo=,rqqiQpMw4CntMa5xNoIDo0/uYPw=
71,82,L9QB75SO5AgeW7xxjg4qCMzVKMo=,HQPiWUUfcbwuGm5CgseBXZ0M/ik=
72,81,AylwIYjmrjFkvBHx5BCsbSAYsac=,9+U8pwPhD+9WDzU3nY+GaQ+v7DA=
72,82,AylwIYjmrjFkvBHx5BCsbSAYsac=,r/DkCel3AvKEX7HqE0jJw17eKKw=
69,82,AylwIYjmrjFkvBHx5BCsbSAYsac=,aUVL3H1uxE2nK9XdEz/nUagDkD8=
70,82,AylwIYjmrjFkvBHx5BCsbSAYsac=,HQPiWUUfcbwuGm5CgseBXZ0M/ik=
69,81,AylwIYjmrjFkvBHx5BCsbSAYsac=,wgrxu0HPl4nTUwOghh2qRdWnz8A=
70,81,AylwIYjmrjFkvBHx5BCsbSAYsac=,rqqiQpMw4CntMa5xNoIDo0/uYPw=
67,81,AylwIYjmrjFkvBHx5BCsbSAYsac=,el/R39T06pyAnu8sIUn3L7BQQzI=
68,81,AylwIYjmrjFkvBHx5BCsbSAYsac=,wgrxu0HPl4nTUwOghh2qRdWnz8A=
68,82,AylwIYjmrjFkvBHx5BCsbSAYsac=,aUVL3H1uxE2nK9XdEz/nUagDkD8=
67,82,JthXPAmu/eTYoqa4Ki41kaSx1+o=,JtFR4KW+TNy4lpWWcoIQI+sqfMY=
65,84,JthXPAmu/eTYoqa4Ki41kaSx1+o=,ejLHBKv3bpeZ4/+LJjMhrcXFbfQ=
66,84,JthXPAmu/eTYoqa4Ki41kaSx1+o=,W3aczu/7nAouByWBpYooo3ZN2EQ=
65,83,JthXPAmu/eTYoqa4Ki41kaSx1+o=,VXDe7D03x1Vt7CXSv3RaZYviY50=
66,83,JthXPAmu/eTYoqa4Ki41kaSx1+o=,JtFR4KW+TNy4lpWWcoIQI+sqfMY=
64,88,JthXPAmu/eTYoqa4Ki41kaSx1+o=,hAA9c1thtm7a7eMRjvjH6rMiT5o=
65,88,JthXPAmu/eTYoqa4Ki41kaSx1+o=,hAA9c1thtm7a7eMRjvjH6rMiT5o=
65,87,JthXPAmu/eTYoqa4Ki41kaSx1+o=,8kK+38HCXuFIwxSNHnfNJhGB+xQ=
64,87,JthXPAmu/eTYoqa4Ki41kaSx1+o=,8kK+38HCXuFIwxSNHnfNJhGB+xQ=
66,87,JthXPAmu/eTYoqa4Ki41kaSx1+o=,bcjPEZhc56qxNOdJUnl+saJHW6U=
65,86,JthXPAmu/eTYoqa4Ki41kaSx1+o=,8kK+38HCXuFIwxSNHnfNJhGB+xQ=
66,88,JthXPAmu/eTYoqa4Ki41kaSx1+o=,oK37zEJsapSDiSRv8dcvo7iEq1M=
65,85,JthXPAmu/eTYoqa4Ki41kaSx1+o=,ejLHBKv3bpeZ4/+LJjMhrcXFbfQ=
64,86,JthXPAmu/eTYoqa4Ki41kaSx1+o=,8kK+38HCXuFIwxSNHnfNJhGB+xQ=
64,85,JthXPAmu/eTYoqa4Ki41kaSx1+o=,ejLHBKv3bpeZ4/+LJjMhrcXFbfQ=
66,86,JthXPAmu/eTYoqa4Ki41kaSx1+o=,bcjPEZhc56qxNOdJUnl+saJHW6U=
66,85,JthXPAmu/eTYoqa4Ki41kaSx1+o=,W3aczu/7nAouByWBpYooo3ZN2EQ=
64,83,JthXPAmu/eTYoqa4Ki41kaSx1+o=,VXDe7D03x1Vt7CXSv3RaZYviY50=
64,84,JthXPAmu/eTYoqa4Ki41kaSx1+o=,ejLHBKv3bpeZ4/+LJjMhrcXFbfQ=
67,84,JthXPAmu/eTYoqa4Ki41kaSx1+o=,W3aczu/7nAouByWBpYooo3ZN2EQ=
68,83,JthXPAmu/eTYoqa4Ki41kaSx1+o=,aUVL3H1uxE2nK9XdEz/nUagDkD8=
67,86,JthXPAmu/eTYoqa4Ki41kaSx1+o=,bcjPEZhc56qxNOdJUnl+saJHW6U=
71,85,JthXPAmu/eTYoqa4Ki41kaSx1+o=,Cyh6HD0AYV3KGs24bbJDijGV0gs=
68,86,JthXPAmu/eTYoqa4Ki41kaSx1+o=,SCIAJ78TbDQfITSgKlMLqwcrwTE=
70,84,JthXPAmu/eTYoqa4Ki41kaSx1+o=,Cyh6HD0AYV3KGs24bbJDijGV0gs=
67,83,JthXPAmu/eTYoqa4Ki41kaSx1+o=,JtFR4KW+TNy4lpWWcoIQI+sqfMY=
71,86,JthXPAmu/eTYoqa4Ki41kaSx1+o=,KPZEO6wOUKsHk/bES9HEMPtqvM8=
69,83,JthXPAmu/eTYoqa4Ki41kaSx1+o=,aUVL3H1uxE2nK9XdEz/nUagDkD8=
70,86,JthXPAmu/eTYoqa4Ki41kaSx1+o=,KPZEO6wOUKsHk/bES9HEMPtqvM8=
72,85,JthXPAmu/eTYoqa4Ki41kaSx1+o=,HINNqjfN0t5DkDU9XXEkbaxJf1M=
72,84,JthXPAmu/eTYoqa4Ki41kaSx1+o=,HINNqjfN0t5DkDU9XXEkbaxJf1M=
69,85,JthXPAmu/eTYoqa4Ki41kaSx1+o=,FQIt9HxfcQcpLtXYrsBsOSVRieY=
67,85,JthXPAmu/eTYoqa4Ki41kaSx1+o=,W3aczu/7nAouByWBpYooo3ZN2EQ=
68,84,JthXPAmu/eTYoqa4Ki41kaSx1+o=,FQIt9HxfcQcpLtXYrsBsOSVRieY=
72,86,JthXPAmu/eTYoqa4Ki41kaSx1+o=,arGlXZjSQ/15OXRwN3brV/wCfZE=
70,83,JthXPAmu/eTYoqa4Ki41kaSx1+o=,HQPiWUUfcbwuGm5CgseBXZ0M/ik=
69,84,JthXPAmu/eTYoqa4Ki41kaSx1+o=,FQIt9HxfcQcpLtXYrsBsOSVRieY=
68,85,JthXPAmu/eTYoqa4Ki41kaSx1+o=,FQIt9HxfcQcpLtXYrsBsOSVRieY=
70,85,JthXPAmu/eTYoqa4Ki41kaSx1+o=,Cyh6HD0AYV3KGs24bbJDijGV0gs=
71,83,JthXPAmu/eTYoqa4Ki41kaSx1+o=,HQPiWUUfcbwuGm5CgseBXZ0M/ik=
72,83,JthXPAmu/eTYoqa4Ki41kaSx1+o=,r/DkCel3AvKEX7HqE0jJw17eKKw=
71,84,JthXPAmu/eTYoqa4Ki41kaSx1+o=,Cyh6HD0AYV3KGs24bbJDijGV0gs=
69,86,JthXPAmu/eTYoqa4Ki41kaSx1+o=,SCIAJ78TbDQfITSgKlMLqwcrwTE=
68,80,JthXPAmu/eTYoqa4Ki41kaSx1+o=,wgrxu0HPl4nTUwOghh2qRdWnz8A=
67,80,JthXPAmu/eTYoqa4Ki41kaSx1+o=,el/R39T06pyAnu8sIUn3L7BQQzI=
70,80,JthXPAmu/eTYoqa4Ki41kaSx1+o=,rqqiQpMw4CntMa5xNoIDo0/uYPw=
69,80,JthXPAmu/eTYoqa4Ki41kaSx1+o=,wgrxu0HPl4nTUwOghh2qRdWnz8A=
71,80,JthXPAmu/eTYoqa4Ki41kaSx1+o=,rqqiQpMw4CntMa5xNoIDo0/uYPw=
72,80,JthXPAmu/eTYoqa4Ki41kaSx1+o=,9+U8pwPhD+9WDzU3nY+GaQ+v7DA=
64,95,JthXPAmu/eTYoqa4Ki41kaSx1+o=,SBm4uXxWXDSBjaLYFpsnPV/z3zg=
65,80,Teowu8qXfxwLKgtdz2DYJ5lR41o=,cM53r6FCJyuj24ha8m3JoRsmJ7g=
64,81,Teowu8qXfxwLKgtdz2DYJ5lR41o=,cM53r6FCJyuj24ha8m3JoRsmJ7g=
75,81,lOC8Tx9J7L4mTGiZg97jWEGj1fs=,mHda/g/JLkSnRQHQHvKvPOfAmNA=
75,80,lOC8Tx9J7L4mTGiZg97jWEGj1fs=,mHda/g/JLkSnRQHQHvKvPOfAmNA=
75,82,lOC8Tx9J7L4mTGiZg97jWEGj1fs=,5rAELLh+ymvbFqamic5wf3tMQik=
74,82,lOC8Tx9J7L4mTGiZg97jWEGj1fs=,5rAELLh+ymvbFqamic5wf3tMQik=
65,81,Teowu8qXfxwLKgtdz2DYJ5lR41o=,cM53r6FCJyuj24ha8m3JoRsmJ7g=
73,82,lOC8Tx9J7L4mTGiZg97jWEGj1fs=,r/DkCel3AvKEX7HqE0jJw17eKKw=
74,81,lOC8Tx9J7L4mTGiZg97jWEGj1fs=,mHda/g/JLkSnRQHQHvKvPOfAmNA=
66,82,lOC8Tx9J7L4mTGiZg97jWEGj1fs=,JtFR4KW+TNy4lpWWcoIQI+sqfMY=
66,80,lOC8Tx9J7L4mTGiZg97jWEGj1fs=,el/R39T06pyAnu8sIUn3L7BQQzI=
64,82,lOC8Tx9J7L4mTGiZg97jWEGj1fs=,VXDe7D03x1Vt7CXSv3RaZYviY50=
65,82,lOC8Tx9J7L4mTGiZg97jWEGj1fs=,VXDe7D03x1Vt7CXSv3RaZYviY50=
66,81,lOC8Tx9J7L4mTGiZg97jWEGj1fs=,el/R39T06pyAnu8sIUn3L7BQQzI=
64,80,Teowu8qXfxwLKgtdz2DYJ5lR41o=,cM53r6FCJyuj24ha8m3JoRsmJ7g=
74,80,lOC8Tx9J7L4mTGiZg97jWEGj1fs=,mHda/g/JLkSnRQHQHvKvPOfAmNA=
73,81,lOC8Tx9J7L4mTGiZg97jWEGj1fs=,9+U8pwPhD+9WDzU3nY+GaQ+v7DA=
73,80,lOC8Tx9J7L4mTGiZg97jWEGj1fs=,9+U8pwPhD+9WDzU3nY+GaQ+v7DA=
